sequence,baseline_id,video,language,repeat,mode,metadata_s,after_resolution_ready_s,click_to_ready_s,full_download_s,metadata_age_s,full_bytes,pcm_identical,pcm_rmse,samples,differing_samples,first_difference_s,last_difference_s
1,152,1_qRsCQdzuE,spa,False,baseline,2.2710103999997955,1.5071910999977263,3.7782014999975218,1.4623671000008471,0.0020523999992292374,3546920,True,0.0,272000,0,,
1,152,1_qRsCQdzuE,spa,False,direct_full,2.2710103999997955,0.40270130000135396,2.6737117000011494,0.35951480000221636,1.5889913999999408,3546900,True,0.0,272000,0,,
1,152,1_qRsCQdzuE,spa,False,opening_parallel,2.2710103999997955,0.243644400004996,2.5146548000047915,0.4511681000003591,2.06057659999351,3546900,True,0.0,272000,0,,
1,152,1_qRsCQdzuE,spa,False,prefetched_metadata,2.2710103999997955,1.4074618000013288,1.4074618000013288,1.3626607000041986,10.000586399997701,3546920,True,0.0,272000,0,,
1,152,1_qRsCQdzuE,spa,False,prefetched_direct,2.2710103999997955,0.3950780000013765,0.3950780000013765,0.35097400000086054,11.477959800002282,3546900,True,0.0,272000,0,,
1,152,1_qRsCQdzuE,spa,False,prefetched_opening,2.2710103999997955,0.2401127000048291,0.2401127000048291,0.3790226999990409,11.945196300002863,3546900,True,0.0,272000,0,,
2,153,k76BgIb89-s,spa,False,baseline,2.2633594000071753,1.4564647000079276,3.719824100015103,1.4131066000118153,1.466818199987756,4634428,True,0.0,272000,0,,
2,153,k76BgIb89-s,spa,False,direct_full,2.2633594000071753,0.7371793000056641,3.0005387000128394,0.6887201000063214,0.001415499995346181,4634408,True,0.0,272000,0,,
2,153,k76BgIb89-s,spa,False,opening_parallel,2.2633594000071753,0.33796990000701044,2.6013293000141857,0.5794084000081057,0.8141589999868302,4634408,True,0.0,272000,0,,
2,153,k76BgIb89-s,spa,False,prefetched_metadata,2.2633594000071753,1.4399687999975868,1.4399687999975868,1.3955433999944944,10.000160600000527,4634428,True,0.0,272000,0,,
2,153,k76BgIb89-s,spa,False,prefetched_direct,2.2633594000071753,0.4314279000100214,0.4314279000100214,0.3850807000126224,11.51401359999727,4634408,True,0.0,272000,0,,
2,153,k76BgIb89-s,spa,False,prefetched_opening,2.2633594000071753,0.24926270000287332,0.24926270000287332,0.4474221000127727,12.022157299987157,4634408,True,0.0,272000,0,,
3,154,M8vDwlHigJA,pan,False,baseline,2.5721867000102066,1.491799399998854,4.0639861000090605,1.4479558000020916,0.6142386999999871,3968965,True,0.0,272000,0,,
3,154,M8vDwlHigJA,pan,False,direct_full,2.5721867000102066,0.43001080000249203,3.0021975000126986,0.3869257999904221,2.174474100000225,3968945,True,0.0,272000,0,,
3,154,M8vDwlHigJA,pan,False,opening_parallel,2.5721867000102066,0.3894732000044314,2.961659900014638,0.5379275000013877,0.0026262000028509647,3968945,True,0.0,272000,0,,
3,154,M8vDwlHigJA,pan,False,prefetched_metadata,2.5721867000102066,1.426139699993655,1.426139699993655,1.3709187999920687,10.000300700005027,3968965,True,0.0,272000,0,,
3,154,M8vDwlHigJA,pan,False,prefetched_direct,2.5721867000102066,0.4282861999963643,0.4282861999963643,0.38563620000786614,11.499242300007609,3968945,True,0.0,272000,0,,
3,154,M8vDwlHigJA,pan,False,prefetched_opening,2.5721867000102066,0.23000179999507964,0.23000179999507964,0.427144600005704,11.995060300003388,3968945,True,0.0,272000,0,,
4,155,j8JEa22CcPQ,jpn,False,baseline,2.4139216000039596,1.7134928000014042,4.127414400005364,1.670519699997385,0.001355499989585951,4601659,True,0.0,272000,0,,
4,155,j8JEa22CcPQ,jpn,False,direct_full,2.4139216000039596,0.46649609999440145,2.880417699998361,0.4214514000050258,1.7845341999927768,4601639,True,0.0,272000,0,,
4,155,j8JEa22CcPQ,jpn,False,opening_parallel,2.4139216000039596,0.26990460000524763,2.6838262000092072,0.4956092000065837,2.3185083999997005,4601639,True,0.0,272000,0,,
4,155,j8JEa22CcPQ,jpn,False,prefetched_metadata,2.4139216000039596,1.6834706000081496,1.6834706000081496,1.6316040999954566,10.000264499991317,4601659,True,0.0,272000,0,,
4,155,j8JEa22CcPQ,jpn,False,prefetched_direct,2.4139216000039596,0.4442370999895502,0.4442370999895502,0.3992173000006005,11.751930899990839,4601639,True,0.0,272000,0,,
4,155,j8JEa22CcPQ,jpn,False,prefetched_opening,2.4139216000039596,0.2311517000052845,0.2311517000052845,0.4370873000007123,12.266944999995758,4601639,True,0.0,272000,0,,
5,156,8Yy7Jzle338,jpn,False,baseline,2.5136689000064507,1.3962228000018513,3.909891700008302,1.3534658999997191,1.069455700009712,4237875,True,0.0,272000,0,,
5,156,8Yy7Jzle338,jpn,False,direct_full,2.5136689000064507,0.4923514999973122,3.006020400003763,0.44557079998776317,0.0028759999986505136,4237855,True,0.0,272000,0,,
5,156,8Yy7Jzle338,jpn,False,opening_parallel,2.5136689000064507,0.2694536000053631,2.783122500011814,0.43349330000637565,0.5683551000111038,4237855,True,0.0,272000,0,,
5,156,8Yy7Jzle338,jpn,False,prefetched_metadata,2.5136689000064507,1.460575900011463,1.460575900011463,1.417559399997117,10.000525700001162,4237875,True,0.0,272000,0,,
5,156,8Yy7Jzle338,jpn,False,prefetched_direct,2.5136689000064507,0.45136099999945145,0.45136099999945145,0.4048449999972945,11.528874499999802,4237855,True,0.0,272000,0,,
5,156,8Yy7Jzle338,jpn,False,prefetched_opening,2.5136689000064507,0.25365290000627283,0.25365290000627283,0.3926866000110749,12.049851100004162,4237855,True,0.0,272000,0,,
6,157,nNUiVCKu_9Y,spa,False,baseline,2.7353160999919055,1.418491800010088,4.153807900001993,1.370676700011245,0.4905762999987928,3910423,True,0.0,272000,0,,
6,157,nNUiVCKu_9Y,spa,False,direct_full,2.7353160999919055,0.47086359999957494,3.2061796999914804,0.4268214000039734,1.9829380000010133,3910403,True,0.0,272000,0,,
6,157,nNUiVCKu_9Y,spa,False,opening_parallel,2.7353160999919055,0.25823120000131894,2.9935472999932244,0.42028530000243336,0.001644300005864352,3910403,True,0.0,272000,0,,
6,157,nNUiVCKu_9Y,spa,False,prefetched_metadata,2.7353160999919055,1.4424982000055024,1.4424982000055024,1.398727499996312,10.000375100004021,3910423,True,0.0,272000,0,,
6,157,nNUiVCKu_9Y,spa,False,prefetched_direct,2.7353160999919055,0.4568361999990884,0.4568361999990884,0.41058529999281745,11.518715400001383,3910403,True,0.0,272000,0,,
6,157,nNUiVCKu_9Y,spa,False,prefetched_opening,2.7353160999919055,0.2406018000037875,0.2406018000037875,0.39743820000148844,12.047237100006896,3910403,True,0.0,272000,0,,
7,158,mRfMQvvAAKA,rus,False,baseline,2.728772200003732,1.3996962999954121,4.128468499999144,1.3540080999955535,0.0028384999895934016,1912265,True,0.0,272000,0,,
7,158,mRfMQvvAAKA,rus,False,direct_full,2.728772200003732,0.35819179999816697,3.086964000001899,0.31287399999564514,1.475654099995154,1912245,True,0.0,272000,0,,
7,158,mRfMQvvAAKA,rus,False,opening_parallel,2.728772200003732,0.25479300000006333,2.9835652000037953,0.34730860000126995,1.9046662999899127,1912245,True,0.0,272000,0,,
7,158,mRfMQvvAAKA,rus,False,prefetched_metadata,2.728772200003732,1.3414210000046296,1.3414210000046296,1.2966884000052232,10.000170100000105,1912265,True,0.0,272000,0,,
7,158,mRfMQvvAAKA,rus,False,prefetched_direct,2.728772200003732,0.3787416000122903,0.3787416000122903,0.3356208000041079,11.413580299995374,1912245,True,0.0,272000,0,,
7,158,mRfMQvvAAKA,rus,False,prefetched_opening,2.728772200003732,0.24383619999571238,0.24383619999571238,0.33793740000692196,11.862156599992886,1912245,True,0.0,272000,0,,
8,161,oFP4YY6OAWE,jpn,False,baseline,2.4832025000068825,1.4826967999979388,3.9658993000048213,1.4350418999965768,1.3060043000004953,4404994,True,0.0,272000,0,,
8,161,oFP4YY6OAWE,jpn,False,direct_full,2.4832025000068825,0.5656682999979239,3.0488708000048064,0.5141808000043966,0.001573599991388619,4404974,True,0.0,272000,0,,
8,161,oFP4YY6OAWE,jpn,False,opening_parallel,2.4832025000068825,0.34164400000008754,2.82484650000697,0.5857470000046305,0.6434475999994902,4404974,True,0.0,272000,0,,
8,161,oFP4YY6OAWE,jpn,False,prefetched_metadata,2.4832025000068825,1.7072226999880513,1.7072226999880513,1.661807199998293,10.00023350000265,4404994,True,0.0,272000,0,,
8,161,oFP4YY6OAWE,jpn,False,prefetched_direct,2.4832025000068825,0.5408038000023225,0.5408038000023225,0.49593669999740086,11.777113199990708,4404974,True,0.0,272000,0,,
8,161,oFP4YY6OAWE,jpn,False,prefetched_opening,2.4832025000068825,0.2662051999941468,0.2662051999941468,0.4452331999927992,12.388567599991802,4404974,True,0.0,272000,0,,
9,163,4bgVrE2Yn3I,ara,False,baseline,2.594966000004206,1.3953180000098655,3.9902840000140714,1.3513942000136012,0.5239924999914365,2698242,True,0.0,272000,0,,
9,163,4bgVrE2Yn3I,ara,False,direct_full,2.594966000004206,0.4788628000096651,3.073828800013871,0.4348597000062,1.9905274999910034,2698222,True,0.0,272000,0,,
9,163,4bgVrE2Yn3I,ara,False,opening_parallel,2.594966000004206,0.3249501000100281,2.919916100014234,0.4513121000054525,0.0029110000032233074,2698222,True,0.0,272000,0,,
9,163,4bgVrE2Yn3I,ara,False,prefetched_metadata,2.594966000004206,1.3867813999968348,1.3867813999968348,1.342480399995111,10.000179800001206,2698242,True,0.0,272000,0,,
9,163,4bgVrE2Yn3I,ara,False,prefetched_direct,2.594966000004206,0.41553379999822937,0.41553379999822937,0.37192180000420194,11.454422099996009,2698222,True,0.0,272000,0,,
9,163,4bgVrE2Yn3I,ara,False,prefetched_opening,2.594966000004206,0.2523635999968974,0.2523635999968974,0.37287839999771677,11.9389846999984,2698222,True,0.0,272000,0,,
10,152,1_qRsCQdzuE,spa,True,baseline,2.3816488000011304,1.4038724999991246,3.785521300000255,1.3576297999970848,0.0014267000078689307,3546920,True,0.0,272000,0,,
10,152,1_qRsCQdzuE,spa,True,direct_full,2.3816488000011304,0.39930840001034085,2.7809572000114713,0.35525440001219977,1.4740978000045288,3546900,True,0.0,272000,0,,
10,152,1_qRsCQdzuE,spa,True,opening_parallel,2.3816488000011304,0.2616297000058694,2.643278500007,0.41510340000968426,1.941372200002661,3546900,True,0.0,272000,0,,
10,152,1_qRsCQdzuE,spa,True,prefetched_metadata,2.3816488000011304,1.434796899993671,1.434796899993671,1.3904675999947358,10.000278500010609,3546920,True,0.0,272000,0,,
10,152,1_qRsCQdzuE,spa,True,prefetched_direct,2.3816488000011304,0.4947682000056375,0.4947682000056375,0.4516462000028696,11.504318699997384,3546900,True,0.0,272000,0,,
10,152,1_qRsCQdzuE,spa,True,prefetched_opening,2.3816488000011304,0.2344081999908667,0.2344081999908667,0.37734639999689534,12.068961500001024,3546900,True,0.0,272000,0,,
11,154,M8vDwlHigJA,pan,True,baseline,2.740358600000036,1.47987870000361,4.220237300003646,1.4346456000057515,1.140271500000381,3968965,True,0.0,272000,0,,
11,154,M8vDwlHigJA,pan,True,direct_full,2.740358600000036,0.5979775999876438,3.3383361999876797,0.5503367999917828,0.0032774999999674037,3968945,True,0.0,272000,0,,
11,154,M8vDwlHigJA,pan,True,opening_parallel,2.740358600000036,0.2232411000004504,2.9635997000004863,0.3958899000135716,0.6693722000054549,3968945,True,0.0,272000,0,,
11,154,M8vDwlHigJA,pan,True,prefetched_metadata,2.740358600000036,1.4663326000008965,1.4663326000008965,1.4238066999969305,10.000399900003686,3968965,True,0.0,272000,0,,
11,154,M8vDwlHigJA,pan,True,prefetched_direct,2.740358600000036,0.4165060000086669,0.4165060000086669,0.37309570000797976,11.536002100008773,3968945,True,0.0,272000,0,,
11,154,M8vDwlHigJA,pan,True,prefetched_opening,2.740358600000036,0.22319360000255983,0.22319360000255983,0.39895899999828544,12.022203200001968,3968945,True,0.0,272000,0,,
12,156,8Yy7Jzle338,jpn,True,baseline,2.475025399995502,1.4666813000076218,3.941706700003124,1.4216984000086086,0.6197590999945533,4237875,True,0.0,272000,0,,
12,156,8Yy7Jzle338,jpn,True,direct_full,2.475025399995502,0.4596192000026349,2.934644599998137,0.416509100003168,2.156871900006081,4237855,True,0.0,272000,0,,
12,156,8Yy7Jzle338,jpn,True,opening_parallel,2.475025399995502,0.3401560000056634,2.8151814000011655,0.5446769999980461,0.0026954000059049577,4237855,True,0.0,272000,0,,
12,156,8Yy7Jzle338,jpn,True,prefetched_metadata,2.475025399995502,1.5034878000005847,1.5034878000005847,1.4555460999981733,10.000227099997574,4237875,True,0.0,272000,0,,
12,156,8Yy7Jzle338,jpn,True,prefetched_direct,2.475025399995502,0.4509408000012627,0.4509408000012627,0.3979189999954542,11.57590579999669,4237855,True,0.0,272000,0,,
12,156,8Yy7Jzle338,jpn,True,prefetched_opening,2.475025399995502,0.24412990000564605,0.24412990000564605,0.43079250000300817,12.10207470000023,4237855,True,0.0,272000,0,,
